{"coluta13": {"channel5": {"MDACCorrectionCode0": 208.65669635355425, "MDACCorrectionCode1": 4300.599563098639, "MDACCorrectionCode2": 4303.6400604940345, "MDACCorrectionCode3": 4303.785246177113, "MDACCorrectionCode4": 4304.503612838178, "MDACCorrectionCode5": 4300.5835993950595, "MDACCorrectionCode6": 4300.825071416569, "MDACCorrectionCode7": 4307.03965720047}, "channel7": {"MDACCorrectionCode0": 159.90136111577885, "MDACCorrectionCode1": 4250.448159973113, "MDACCorrectionCode2": 4254.207192068559, "MDACCorrectionCode3": 4255.308855654512, "MDACCorrectionCode4": 4254.183666610654, "MDACCorrectionCode5": 4253.274407662579, "MDACCorrectionCode6": 4255.004369013611, "MDACCorrectionCode7": 4257.745252898672}, "channel6": {"MDACCorrectionCode0": 170.2157620567973, "MDACCorrectionCode1": 4261.238783397748, "MDACCorrectionCode2": 4264.844563938834, "MDACCorrectionCode3": 4264.684086708117, "MDACCorrectionCode4": 4262.088892623088, "MDACCorrectionCode5": 4264.741051924047, "MDACCorrectionCode6": 4264.26550159637, "MDACCorrectionCode7": 4268.892118971601}, "channel8": {"MDACCorrectionCode0": 233.27323138968222, "MDACCorrectionCode1": 4323.952108889262, "MDACCorrectionCode2": 4330.746765249538, "MDACCorrectionCode3": 4329.201142665099, "MDACCorrectionCode4": 4327.034784069904, "MDACCorrectionCode5": 4328.002856662746, "MDACCorrectionCode6": 4326.680893967401, "MDACCorrectionCode7": 4330.544782389515}}, "coluta14": {"channel5": {"MDACCorrectionCode0": 211.03125525121823, "MDACCorrectionCode1": 4305.660057133255, "MDACCorrectionCode2": 4303.52528986725, "MDACCorrectionCode3": 4305.539069064023, "MDACCorrectionCode4": 4301.171063686776, "MDACCorrectionCode5": 4302.409511006554, "MDACCorrectionCode6": 4301.393379263989, "MDACCorrectionCode7": 4308.233238111242}, "channel7": {"MDACCorrectionCode0": 185.4503444799193, "MDACCorrectionCode1": 4276.340951100655, "MDACCorrectionCode2": 4279.768106200639, "MDACCorrectionCode3": 4281.001512350866, "MDACCorrectionCode4": 4280.153083515375, "MDACCorrectionCode5": 4279.540077297933, "MDACCorrectionCode6": 4280.7741556041, "MDACCorrectionCode7": 4281.880860359603}, "channel6": {"MDACCorrectionCode0": 215.21441774491677, "MDACCorrectionCode1": 4309.102839858848, "MDACCorrectionCode2": 4306.73584271551, "MDACCorrectionCode3": 4309.916148546463, "MDACCorrectionCode4": 4311.515375567132, "MDACCorrectionCode5": 4309.474542093766, "MDACCorrectionCode6": 4311.668123004537, "MDACCorrectionCode7": 4314.577045874643}, "channel8": {"MDACCorrectionCode0": 131.75835993950614, "MDACCorrectionCode1": 4227.381448496051, "MDACCorrectionCode2": 4225.850613342296, "MDACCorrectionCode3": 4227.35540245337, "MDACCorrectionCode4": 4225.3451520752815, "MDACCorrectionCode5": 4224.558057469332, "MDACCorrectionCode6": 4228.3157452528985, "MDACCorrectionCode7": 4231.339270710805}}, "coluta15": {"channel5": {"MDACCorrectionCode0": 188.73063350697385, "MDACCorrectionCode1": 4280.399932784406, "MDACCorrectionCode2": 4280.591497227357, "MDACCorrectionCode3": 4284.558729625273, "MDACCorrectionCode4": 4281.92371030079, "MDACCorrectionCode5": 4280.184338766594, "MDACCorrectionCode6": 4279.727608805243, "MDACCorrectionCode7": 4287.752814653}, "channel7": {"MDACCorrectionCode0": 178.40631826583785, "MDACCorrectionCode1": 4267.2149218618715, "MDACCorrectionCode2": 4271.045538564947, "MDACCorrectionCode3": 4274.884893295245, "MDACCorrectionCode4": 4270.867417240799, "MDACCorrectionCode5": 4272.47235758696, "MDACCorrectionCode6": 4271.360443622921, "MDACCorrectionCode7": 4275.7013947235755}, "channel6": {"MDACCorrectionCode0": 220.07326499747978, "MDACCorrectionCode1": 4314.109393379264, "MDACCorrectionCode2": 4312.929423626281, "MDACCorrectionCode3": 4316.658040665434, "MDACCorrectionCode4": 4316.696353554025, "MDACCorrectionCode5": 4314.03394387498, "MDACCorrectionCode6": 4315.533355738531, "MDACCorrectionCode7": 4322.422450008402}, "channel8": {"MDACCorrectionCode0": 172.19341287178622, "MDACCorrectionCode1": 4262.94303478407, "MDACCorrectionCode2": 4262.414720215091, "MDACCorrectionCode3": 4266.749789951269, "MDACCorrectionCode4": 4264.951436733322, "MDACCorrectionCode5": 4263.618215425979, "MDACCorrectionCode6": 4261.087548311209, "MDACCorrectionCode7": 4268.758023861536}}, "coluta16": {"channel5": {"MDACCorrectionCode0": 223.05864560578084, "MDACCorrectionCode1": 4312.757015627625, "MDACCorrectionCode2": 4315.28247353386, "MDACCorrectionCode3": 4316.383969080827, "MDACCorrectionCode4": 4314.367501260293, "MDACCorrectionCode5": 4316.695345320114, "MDACCorrectionCode6": 4312.880188203662, "MDACCorrectionCode7": 4320.184674844564}, "channel7": {"MDACCorrectionCode0": 207.23273399428672, "MDACCorrectionCode1": 4296.075953621241, "MDACCorrectionCode2": 4300.029070744413, "MDACCorrectionCode3": 4301.168038985044, "MDACCorrectionCode4": 4297.823391026718, "MDACCorrectionCode5": 4299.308519576542, "MDACCorrectionCode6": 4298.92673500252, "MDACCorrectionCode7": 4303.395227692825}, "channel6": {"MDACCorrectionCode0": 189.55520080658698, "MDACCorrectionCode1": 4280.703243152411, "MDACCorrectionCode2": 4284.928751470341, "MDACCorrectionCode3": 4285.052260124348, "MDACCorrectionCode4": 4283.909931104016, "MDACCorrectionCode5": 4283.910939337927, "MDACCorrectionCode6": 4281.878171735842, "MDACCorrectionCode7": 4287.776340110906}, "channel8": {"MDACCorrectionCode0": 193.08099479079146, "MDACCorrectionCode1": 4285.8265837674335, "MDACCorrectionCode2": 4286.217106368678, "MDACCorrectionCode3": 4290.494706771971, "MDACCorrectionCode4": 4287.2493698538065, "MDACCorrectionCode5": 4289.638380104185, "MDACCorrectionCode6": 4286.881868593513, "MDACCorrectionCode7": 4293.566627457571}}, "coluta17": {"channel5": {"MDACCorrectionCode0": 193.79818517896138, "MDACCorrectionCode1": 4284.149554696689, "MDACCorrectionCode2": 4286.249705931777, "MDACCorrectionCode3": 4286.991093933792, "MDACCorrectionCode4": 4285.558225508318, "MDACCorrectionCode5": 4285.918165014284, "MDACCorrectionCode6": 4284.196773651487, "MDACCorrectionCode7": 4291.806251050244}, "channel7": {"MDACCorrectionCode0": 188.47134935304985, "MDACCorrectionCode1": 4278.011930767938, "MDACCorrectionCode2": 4278.457570156276, "MDACCorrectionCode3": 4281.171063686776, "MDACCorrectionCode4": 4279.576877835658, "MDACCorrectionCode5": 4280.8267518064185, "MDACCorrectionCode6": 4277.609981515712, "MDACCorrectionCode7": 4285.854646277937}, "channel6": {"MDACCorrectionCode0": 173.5662913796, "MDACCorrectionCode1": 4263.5318433876655, "MDACCorrectionCode2": 4263.523105360444, "MDACCorrectionCode3": 4265.626113258276, "MDACCorrectionCode4": 4263.731809779869, "MDACCorrectionCode5": 4263.972105528483, "MDACCorrectionCode6": 4265.184338766594, "MDACCorrectionCode7": 4271.072760880525}, "channel8": {"MDACCorrectionCode0": 217.4157284490002, "MDACCorrectionCode1": 4310.39539573181, "MDACCorrectionCode2": 4307.302974290035, "MDACCorrectionCode3": 4314.217778524617, "MDACCorrectionCode4": 4310.267181986221, "MDACCorrectionCode5": 4312.840699042177, "MDACCorrectionCode6": 4310.558561586287, "MDACCorrectionCode7": 4317.251554360611}}, "coluta18": {"channel5": {"MDACCorrectionCode0": 205.83347336582074, "MDACCorrectionCode1": 4299.047050915812, "MDACCorrectionCode2": 4297.133759032096, "MDACCorrectionCode3": 4298.189716014115, "MDACCorrectionCode4": 4295.9080826751815, "MDACCorrectionCode5": 4294.30247017308, "MDACCorrectionCode6": 4297.7013947235755, "MDACCorrectionCode7": 4301.037472693665}, "channel7": {"MDACCorrectionCode0": 176.0413375903213, "MDACCorrectionCode1": 4268.035792303815, "MDACCorrectionCode2": 4271.569148042346, "MDACCorrectionCode3": 4273.362964207696, "MDACCorrectionCode4": 4271.116619055621, "MDACCorrectionCode5": 4270.757015627625, "MDACCorrectionCode6": 4270.788774995799, "MDACCorrectionCode7": 4275.631826583767}, "channel6": {"MDACCorrectionCode0": 184.33254915140287, "MDACCorrectionCode1": 4277.607460930936, "MDACCorrectionCode2": 4275.455049571501, "MDACCorrectionCode3": 4276.462107208872,