{"coluta13": {"channel5": {"MDACCorrectionCode0": 205.77468078978518, "MDACCorrectionCode1": 4297.820180912456, "MDACCorrectionCode2": 4302.874449315712, "MDACCorrectionCode3": 4302.910802479013, "MDACCorrectionCode4": 4302.538251890727, "MDACCorrectionCode5": 4300.645428653716, "MDACCorrectionCode6": 4301.02217137615, "MDACCorrectionCode7": 4305.713276158171}, "channel8": {"MDACCorrectionCode0": 230.3531206331936, "MDACCorrectionCode1": 4322.414535931817, "MDACCorrectionCode2": 4327.697792996043, "MDACCorrectionCode3": 4327.4232722113775, "MDACCorrectionCode4": 4325.7701046433485, "MDACCorrectionCode5": 4327.169488090285, "MDACCorrectionCode6": 4323.228567314154, "MDACCorrectionCode7": 4324.476148570087}}, "coluta14": {"channel5": {"MDACCorrectionCode0": 209.17629897490042, "MDACCorrectionCode1": 4303.478591314923, "MDACCorrectionCode2": 4301.292468025644, "MDACCorrectionCode3": 4304.0572071639635, "MDACCorrectionCode4": 4299.617321087608, "MDACCorrectionCode5": 4300.84356832752, "MDACCorrectionCode6": 4298.079309204561, "MDACCorrectionCode7": 4306.148202075799}, "channel8": {"MDACCorrectionCode0": 129.7749314644734, "MDACCorrectionCode1": 4224.524166106648, "MDACCorrectionCode2": 4224.607806116463, "MDACCorrectionCode3": 4225.548086872113, "MDACCorrectionCode4": 4223.398370081176, "MDACCorrectionCode5": 4223.802399010102, "MDACCorrectionCode6": 4227.766989877009, "MDACCorrectionCode7": 4226.742594429688}}, "coluta15": {"channel5": {"MDACCorrectionCode0": 186.20654527611578, "MDACCorrectionCode1": 4277.310367265086, "MDACCorrectionCode2": 4278.1986676907, "MDACCorrectionCode3": 4283.155962324127, "MDACCorrectionCode4": 4281.274734124826, "MDACCorrectionCode5": 4277.4991626398705, "MDACCorrectionCode6": 4278.086850779225, "MDACCorrectionCode7": 4285.0977364609}, "channel8": {"MDACCorrectionCode0": 167.01746722561802, "MDACCorrectionCode1": 4261.992133081592, "MDACCorrectionCode2": 4262.316708801349, "MDACCorrectionCode3": 4265.271902034199, "MDACCorrectionCode4": 4264.596419085411, "MDACCorrectionCode5": 4262.563778040898, "MDACCorrectionCode6": 4261.784675776292, "MDACCorrectionCode7": 4265.596573757026}}, "coluta16": {"channel5": {"MDACCorrectionCode0": 218.63147087373454, "MDACCorrectionCode1": 4312.3256904220925, "MDACCorrectionCode2": 4314.711553436377, "MDACCorrectionCode3": 4315.797049505584, "MDACCorrectionCode4": 4313.064066050114, "MDACCorrectionCode5": 4314.663210556071, "MDACCorrectionCode6": 4312.151263507099, "MDACCorrectionCode7": 4320.29344939038}, "channel8": {"MDACCorrectionCode0": 193.73148474084473, "MDACCorrectionCode1": 4285.183899218108, "MDACCorrectionCode2": 4284.959833381336, "MDACCorrectionCode3": 4289.1702294473425, "MDACCorrectionCode4": 4285.760472335114, "MDACCorrectionCode5": 4287.859520838, "MDACCorrectionCode6": 4286.442648831429, "MDACCorrectionCode7": 4292.853611315562}}, "coluta17": {"channel5": {"MDACCorrectionCode0": 190.85794212081464, "MDACCorrectionCode1": 4281.399580786585, "MDACCorrectionCode2": 4284.944142212551, "MDACCorrectionCode3": 4285.556289801274, "MDACCorrectionCode4": 4284.799780259635, "MDACCorrectionCode5": 4285.888135086989, "MDACCorrectionCode6": 4284.594013675105, "MDACCorrectionCode7": 4288.329807887186}, "channel8": {"MDACCorrectionCode0": 215.8068311519305, "MDACCorrectionCode1": 4307.980138031084, "MDACCorrectionCode2": 4307.362774275443, "MDACCorrectionCode3": 4314.165866641066, "MDACCorrectionCode4": 4308.952499813327, "MDACCorrectionCode5": 4311.117438424696, "MDACCorrectionCode6": 4309.005632180229, "MDACCorrectionCode7": 4312.928637716407}}, "coluta18": {"channel5": {"MDACCorrectionCode0": 201.64343392321916, "MDACCorrectionCode1": 4298.437971348416, "MDACCorrectionCode2": 4294.494202481146, "MDACCorrectionCode3": 4295.715244221148, "MDACCorrectionCode4": 4294.478628649451, "MDACCorrectionCode5": 4293.105688715372, "MDACCorrectionCode6": 4295.098931165797, "MDACCorrectionCode7": 4298.541414658602}, "channel8": {"MDACCorrectionCode0": 184.4276563516696, "MDACCorrectionCode1": 4276.585757410904, "MDACCorrectionCode2": 4278.108339466863, "MDACCorrectionCode3": 4281.600323210343, "MDACCorrectionCode4": 4278.93371521222, "MDACCorrectionCode5": 4277.802052332341, "MDACCorrectionCode6": 4283.67225084536, "MDACCorrectionCode7": 4281.776408845083}}, "coluta19": {"channel5": {"MDACCorrectionCode0": 221.09494170480139, "MDACCorrectionCode1": 4314.469961705441, "MDACCorrectionCode2": 4315.809124558653, "MDACCorrectionCode3": 4319.546838832176, "MDACCorrectionCode4": 4317.246653226236, "MDACCorrectionCode5": 4316.814004714817, "MDACCorrectionCode6": 4317.686645972671, "MDACCorrectionCode7": 4321.833701345109}, "channel8": {"MDACCorrectionCode0": 195.16013312426003, "MDACCorrectionCode1": 4286.239671669493, "MDACCorrectionCode2": 4287.371243879805, "MDACCorrectionCode3": 4290.814031382337, "MDACCorrectionCode4": 4289.948350347211, "MDACCorrectionCode5": 4287.515888508433, "MDACCorrectionCode6": 4291.188182021825, "MDACCorrectionCode7": 4288.262301726989}}, "coluta20": {"channel5": {"MDACCorrectionCode0": 231.77881425538953, "MDACCorrectionCode1": 4328.086861446232, "MDACCorrectionCode2": 4330.275198139674, "MDACCorrectionCode3": 4335.846149743458, "MDACCorrectionCode4": 4330.113816975476, "MDACCorrectionCode5": 4333.736306228466, "MDACCorrectionCode6": 4329.26985396866, "MDACCorrectionCode7": 4334.202459812047}, "channel8": {"MDACCorrectionCode0": 201.0850640553831, "MDACCorrectionCode1": 4296.436589970879, "MDACCorrectionCode2": 4295.804473743159, "MDACCorrectionCode3": 4301.628878790789, "MDACCorrectionCode4": 4298.18678997728, "MDACCorrectionCode5": 4301.426392311221, "MDACCorrectionCode6": 4300.240551697654, "MDACCorrectionCode7": 4301.603443310186}}}